slug,neighbors,tax_type,flat_rate,brackets,state_deduction,auto_premium,auto_year,prop_tax_rate,verified
alabama,florida;georgia;mississippi;tennessee,brackets,,"[[0,2],[500,4],[3000,5]]",4000,1268.71,2023,0.37,2026-10-05
alaska,washington;hawaii;oregon;california,none,,,,1262.49,2023,0.94,2026-10-05
arizona,california;nevada;utah;new-mexico,flat,2.5,,8350,1504.59,2023,0.48,2026-10-05
arkansas,missouri;tennessee;mississippi;louisiana,brackets,,"[[0,2],[4600,3.7]]",2470,1296.46,2023,0.56,2026-10-05
california,oregon;nevada;arizona;washington,brackets,,"[[0,1],[11079,2],[26264,4],[41452,6],[57542,8],[72724,9.3],[371479,10.3],[445771,11.3],[742953,12.3],[1000000,13.3]]",5540,1417.94,2023,0.7,2026-10-05
colorado,wyoming;nebraska;kansas;new-mexico,flat,4.4,,16100,1655.30,2023,0.5,2026-10-05
connecticut,new-york;massachusetts;rhode-island;new-jersey,brackets,,"[[0,2],[10000,4.5],[50000,5.5],[100000,6],[200000,6.5],[250000,6.9],[500000,6.99]]",0,1508.21,2023,1.54,2026-10-05
delaware,maryland;pennsylvania;new-jersey;virginia,brackets,,"[[0,0],[2000,2.2],[5000,3.9],[10000,4.8],[20000,5.2],[25000,5.55],[60000,6.6]]",3250,1569.21,2023,0.54,2026-10-05
florida,georgia;alabama;south-carolina;texas,none,,,,1993.81,2023,0.78,2026-10-05
georgia,florida;alabama;tennessee;south-carolina,flat,4.99,,15000,1746.32,2023,0.79,2026-10-05
hawaii,california;alaska;washington;oregon,brackets,,"[[0,1.4],[9600,3.2],[14400,5.5],[19200,6.4],[24000,6.8],[36000,7.2],[48000,7.6],[125000,7.9],[175000,8.25],[225000,9],[275000,10],[325000,11]]",5544,998.04,2023,0.29,2026-10-05
idaho,montana;wyoming;utah;nevada,brackets,,"[[0,0],[4811,5.3]]",16100,981.01,2023,0.5,2026-10-05
illinois,indiana;wisconsin;iowa;missouri,flat,4.95,,2925,1256.58,2023,1.88,2026-10-05
indiana,illinois;ohio;michigan;kentucky,flat,2.95,,1000,1031.86,2023,0.76,2026-10-05
iowa,minnesota;wisconsin;illinois;missouri,flat,3.8,,16100,1010.40,2023,1.33,2026-10-05
kansas,missouri;nebraska;oklahoma;colorado,brackets,,"[[0,5.2],[23000,5.58]]",12765,1181.69,2023,1.21,2026-10-05
kentucky,tennessee;ohio;indiana;virginia,flat,3.5,,3360,1208.29,2023,0.74,2026-10-05
louisiana,texas;arkansas;mississippi;alabama,flat,3.0,,12875,1982.65,2023,0.55,2026-10-05
maine,new-hampshire;vermont;massachusetts,brackets,,"[[0,5.8],[27399,6.75],[64849,7.15]]",13650,926.02,2023,0.98,2026-10-05
maryland,virginia;pennsylvania;delaware;west-virginia,brackets,,"[[0,2],[1000,3],[2000,4],[3000,4.75],[100000,5],[125000,5.25],[150000,5.5],[250000,5.75],[500000,6.25],[1000000,6.5]]",6550,1601.63,2023,0.92,2026-10-05
massachusetts,new-hampshire;connecticut;rhode-island;new-york,brackets,,"[[0,5],[1083150,9]]",4400,1413.49,2023,1.0,2026-10-05
michigan,ohio;indiana;wisconsin;illinois,flat,4.25,,5900,1572.77,2023,1.19,2026-10-05
minnesota,wisconsin;iowa;north-dakota;south-dakota,brackets,,"[[0,5.35],[33310,6.8],[109430,7.85],[203150,9.85]]",15300,1223.48,2023,1.0,2026-10-05
mississippi,alabama;louisiana;tennessee;arkansas,brackets,,"[[0,0],[10000,4]]",8300,1394.52,2023,0.58,2026-10-05
missouri,illinois;iowa;kansas;kentucky,brackets,,"[[0,0],[1348,2],[2696,2.5],[4044,3],[5392,3.5],[6740,4],[8088,4.5],[9436,4.7]]",16100,1322.55,2023,0.89,2026-10-05
montana,idaho;wyoming;north-dakota;south-dakota,brackets,,"[[0,4.7],[47500,5.65]]",16100,1183.66,2023,0.61,2026-10-05
nebraska,iowa;kansas;colorado;south-dakota,brackets,,"[[0,2.46],[4130,3.51],[24760,4.55]]",8850,1183.88,2023,1.44,2026-10-05
nevada,california;arizona;utah;oregon,none,,,,1600.12,2023,0.5,2026-10-05
new-hampshire,maine;vermont;massachusetts,none,,,,1032.01,2023,1.5,2026-10-05
new-jersey,new-york;pennsylvania;delaware;connecticut,brackets,,"[[0,1.4],[20000,1.75],[35000,3.5],[40000,5.53],[75000,6.37],[500000,8.97],[1000000,10.75]]",1000,1693.39,2023,1.88,2026-10-05
new-mexico,arizona;colorado;texas;oklahoma,brackets,,"[[0,1.5],[5500,3.2],[16500,4.3],[33500,4.7],[66500,4.9],[210000,5.9]]",16100,1301.12,2023,0.63,2026-10-05
new-york,new-jersey;pennsylvania;connecticut;vermont,brackets,,"[[0,3.9],[8500,4.4],[11700,5.15],[13900,5.4],[80650,5.9],[215400,6.85],[1077550,9.65],[5000000,10.3],[25000000,10.9]]",8000,1895.99,2023,1.3,2026-10-05
north-carolina,south-carolina;virginia;tennessee;georgia,flat,3.99,,12750,1096.56,2023,0.66,2026-10-05
north-dakota,minnesota;south-dakota;montana,brackets,,"[[0,0],[48475,1.95],[244825,2.5]]",16100,961.28,2023,0.92,2026-10-05
ohio,indiana;michigan;pennsylvania;kentucky,brackets,,"[[0,0],[26050,2.75]]",2150,1037.61,2023,1.36,2026-10-05
oklahoma,texas;kansas;arkansas;missouri,brackets,,"[[0,0],[3750,2.5],[4900,3.5],[7200,4.5]]",7350,1324.15,2023,0.79,2026-10-05
oregon,washington;california;idaho;nevada,brackets,,"[[0,4.75],[4550,6.75],[11400,8.75],[125000,9.9]]",2910,1268.47,2023,0.81,2026-10-05
pennsylvania,new-york;new-jersey;ohio;maryland,flat,3.07,,0,1273.46,2023,1.26,2026-10-05
rhode-island,connecticut;massachusetts;new-york,brackets,,"[[0,3.75],[82050,4.75],[186450,5.99]]",16450,1709.69,2023,1.12,2026-10-05
south-carolina,north-carolina;georgia;florida,,,,,1516.71,2023,0.49,2026-10-05
south-dakota,north-dakota;nebraska;minnesota;iowa,none,,,,1157.70,2023,1.0,2026-10-05
tennessee,kentucky;virginia;north-carolina;georgia,none,,,,1211.72,2023,0.52,2026-10-05
texas,oklahoma;new-mexico;louisiana;arkansas,none,,,,1726.91,2023,1.4,2026-10-05
utah,nevada;idaho;wyoming;colorado,flat,4.45,,0,1284.60,2023,0.48,2026-10-05
vermont,new-hampshire;new-york;massachusetts;maine,brackets,,"[[0,3.35],[49400,6.6],[119700,7.6],[249700,8.75]]",12950,957.80,2023,1.51,2026-10-05
virginia,maryland;west-virginia;north-carolina;kentucky,brackets,,"[[0,2],[3000,3],[5000,5],[17000,5.75]]",9680,1238.13,2023,0.78,2026-10-05
washington,oregon;idaho;california;alaska,none,,,,1234.68,2023,0.75,2026-10-05
west-virginia,virginia;ohio;pennsylvania;maryland,brackets,,"[[0,2.11],[10000,2.81],[25000,3.16],[40000,4.22],[60000,4.58]]",2000,1227.39,2023,0.51,2026-10-05
wisconsin,minnesota;michigan;illinois;iowa,brackets,,"[[0,3.5],[15110,4.4],[51950,5.3],[332720,7.65]]",9900,999.99,2023,1.32,2026-10-05
wyoming,montana;colorado;nebraska;idaho,none,,,,1180.01,2023,0.53,2026-10-05
